{"customer_id":"1","pid":"001","pname":"p1","customer_name":"kash","customer_location":"VT"}
{"customer_id":"2","pid":"002","pname":"p2","customer_name":"pavan","customer_location":"IL"}
{"customer_id":"1","pid":"002","pname":"p2","customer_name":"kash","customer_location":"VT"}
{"customer_id":"2","pid":"003","pname":"p3","customer_name":"pavan","customer_location":"IL"}
{"customer_id":"2","pid":"004","pname":"p4","customer_name":"pavan","customer_location":"IL"}
{"customer_id":"4","pid":"006","pname":"p6","customer_name":"jane","customer_location":"NJ"}
